Art;Stickprov metod;Fiskeår;Fångstdatum;Redskap kod;Löpnr;"Total
längd mm";Kön;Ålder;"Total
vikt";"Somatisk
vikt";Somatisk vikttyp;Fiske;;Lokal;Godkänd ålder;"Gonad
statuskod";"Gonad
statustyp";"Tillväxt 
mm år 1";År2;År3;År4;År5;År6;År7;År8;År9;År10;År11;År12;År13;År14;År15;År16;År17;År18;År19;År20
Abborre;Slumpmässigt urval;1988;;K009;1;141;Hane;2;;;;Kustöversiktsnät augusti -Pilotfiske;;Holmön;JA;;;60;95;;;;;;;;;;;;;;;;;;
Abborre;Slumpmässigt urval;1988;;K009;2;136;Hona;1;;;;Kustöversiktsnät augusti -Pilotfiske;;Holmön;JA;;;79;;;;;;;;;;;;;;;;;;;
Abborre;Slumpmässigt urval;1988;;K009;4;175;Hona;3;;;;Kustöversiktsnät augusti -Pilotfiske;;Holmön;JA;;;61;103;135;;;;;;;;;;;;;;;;;
Abborre;Slumpmässigt urval;1988;;K009;5;267;Hona;5;;;;Kustöversiktsnät augusti -Pilotfiske;;Holmön;JA;;;73;118;150;199;228;;;;;;;;;;;;;;;
Abborre;Slumpmässigt urval;1988;;K009;6;279;Hane;5;;;;Kustöversiktsnät augusti -Pilotfiske;;Holmön;JA;;;81;126;158;217;234;;;;;;;;;;;;;;;
Abborre;Slumpmässigt urval;1988;;K009;7;253;Hona;4;;;;Kustöversiktsnät augusti -Pilotfiske;;Holmön;JA;;;72;119;174;207;;;;;;;;;;;;;;;;
Abborre;Slumpmässigt urval;1988;;K009;8;221;Hane;5;;;;Kustöversiktsnät augusti -Pilotfiske;;Holmön;JA;;;67;106;139;167;187;;;;;;;;;;;;;;;
Abborre;Slumpmässigt urval;1988;;K009;10;219;Hane;4;;;;Kustöversiktsnät augusti -Pilotfiske;;Holmön;JA;;;65;96;151;180;;;;;;;;;;;;;;;;
Abborre;Slumpmässigt urval;1988;;K009;11;277;Hona;6;;;;Kustöversiktsnät augusti -Pilotfiske;;Holmön;JA;;;60;99;138;171;209;233;;;;;;;;;;;;;;
Abborre;Slumpmässigt urval;1988;;K009;12;291;Hona;5;;;;Kustöversiktsnät augusti -Pilotfiske;;Holmön;JA;;;77;120;178;223;256;;;;;;;;;;;;;;;
Abborre;Slumpmässigt urval;1988;;K009;13;274;Hane;5;;;;Kustöversiktsnät augusti -Pilotfiske;;Holmön;JA;;;67;116;160;206;237;;;;;;;;;;;;;;;
Abborre;Slumpmässigt urval;1988;;K009;14;275;Hona;5;;;;Kustöversiktsnät augusti -Pilotfiske;;Holmön;JA;;;77;120;154;202;233;;;;;;;;;;;;;;;
Abborre;Slumpmässigt urval;1988;;K009;15;284;Hona;6;;;;Kustöversiktsnät augusti -Pilotfiske;;Holmön;JA;;;59;91;138;171;209;241;;;;;;;;;;;;;;
Abborre;Slumpmässigt urval;1988;;K009;16;263;Hona;5;;;;Kustöversiktsnät augusti -Pilotfiske;;Holmön;JA;;;60;127;163;201;222;;;;;;;;;;;;;;;
Abborre;Slumpmässigt urval;1988;;K009;17;257;Hona;4;;;;Kustöversiktsnät augusti -Pilotfiske;;Holmön;JA;;;81;141;178;207;;;;;;;;;;;;;;;;
Abborre;Slumpmässigt urval;1988;;K009;18;256;Hona;6;;;;Kustöversiktsnät augusti -Pilotfiske;;Holmön;JA;;;58;95;129;168;208;224;;;;;;;;;;;;;;
Abborre;Slumpmässigt urval;1988;;K009;19;266;Hane;5;;;;Kustöversiktsnät augusti -Pilotfiske;;Holmön;JA;;;71;125;160;198;224;;;;;;;;;;;;;;;
Abborre;Slumpmässigt urval;1988;;K009;20;295;Hona;6;;;;Kustöversiktsnät augusti -Pilotfiske;;Holmön;JA;;;66;102;138;179;220;248;;;;;;;;;;;;;;
Abborre;Slumpmässigt urval;1988;;K009;21;286;Hona;5;;;;Kustöversiktsnät augusti -Pilotfiske;;Holmön;JA;;;75;118;158;205;241;;;;;;;;;;;;;;;
Abborre;Slumpmässigt urval;1988;;K009;22;294;Hona;5;;;;Kustöversiktsnät augusti -Pilotfiske;;Holmön;JA;;;65;125;164;220;258;;;;;;;;;;;;;;;
Abborre;Slumpmässigt urval;1988;;K009;23;236;Hona;5;;;;Kustöversiktsnät augusti -Pilotfiske;;Holmön;JA;;;66;120;144;180;203;;;;;;;;;;;;;;;
Abborre;Slumpmässigt urval;1988;;K009;24;287;Hona;6;;;;Kustöversiktsnät augusti -Pilotfiske;;Holmön;JA;;;60;93;170;196;234;257;;;;;;;;;;;;;;
Abborre;Slumpmässigt urval;1988;;K009;25;248;Hane;4;;;;Kustöversiktsnät augusti -Pilotfiske;;Holmön;JA;;;61;120;176;212;;;;;;;;;;;;;;;;
Abborre;Slumpmässigt urval;1988;;K009;26;186;Hona;3;;;;Kustöversiktsnät augusti -Pilotfiske;;Holmön;JA;;;61;113;139;;;;;;;;;;;;;;;;;
Abborre;Slumpmässigt urval;1988;;K009;27;215;Hane;4;;;;Kustöversiktsnät augusti -Pilotfiske;;Holmön;JA;;;61;108;156;177;;;;;;;;;;;;;;;;
Abborre;Slumpmässigt urval;1988;;K009;28;221;Hona;4;;;;Kustöversiktsnät augusti -Pilotfiske;;Holmön;JA;;;64;111;159;185;;;;;;;;;;;;;;;;
Abborre;Slumpmässigt urval;1988;;K009;29;224;Hona;4;;;;Kustöversiktsnät augusti -Pilotfiske;;Holmön;JA;;;59;108;151;178;;;;;;;;;;;;;;;;
Abborre;Slumpmässigt urval;1988;;K009;30;251;Hane;5;;;;Kustöversiktsnät augusti -Pilotfiske;;Holmön;JA;;;63;127;156;194;220;;;;;;;;;;;;;;;
Abborre;Slumpmässigt urval;1988;;K009;31;204;Hane;3;;;;Kustöversiktsnät augusti -Pilotfiske;;Holmön;JA;;;58;111;158;;;;;;;;;;;;;;;;;
Abborre;Slumpmässigt urval;1988;;K009;32;192;Hona;3;;;;Kustöversiktsnät augusti -Pilotfiske;;Holmön;JA;;;48;94;133;;;;;;;;;;;;;;;;;
Abborre;Slumpmässigt urval;1988;;K009;33;248;Hane;5;;;;Kustöversiktsnät augusti -Pilotfiske;;Holmön;JA;;;57;114;145;184;215;;;;;;;;;;;;;;;
Abborre;Slumpmässigt urval;1988;;K009;34;194;Hona;3;;;;Kustöversiktsnät augusti -Pilotfiske;;Holmön;JA;;;53;112;149;;;;;;;;;;;;;;;;;
Abborre;Slumpmässigt urval;1988;;K009;35;186;Hona;3;;;;Kustöversiktsnät augusti -Pilotfiske;;Holmön;JA;;;61;103;138;;;;;;;;;;;;;;;;;
Abborre;Slumpmässigt urval;1988;;K009;36;236;Hane;4;;;;Kustöversiktsnät augusti -Pilotfiske;;Holmön;JA;;;68;114;177;203;;;;;;;;;;;;;;;;
Abborre;Slumpmässigt urval;1988;;K009;37;227;Hona;4;;;;Kustöversiktsnät augusti -Pilotfiske;;Holmön;JA;;;73;110;149;178;;;;;;;;;;;;;;;;
Abborre;Slumpmässigt urval;1988;;K009;38;195;Hona;4;;;;Kustöversiktsnät augusti -Pilotfiske;;Holmön;JA;;;54;79;103;138;;;;;;;;;;;;;;;;
Abborre;Slumpmässigt urval;1988;;K009;39;200;Hane;4;;;;Kustöversiktsnät augusti -Pilotfiske;;Holmön;JA;;;62;104;141;165;;;;;;;;;;;;;;;;
Abborre;Slumpmässigt urval;1988;;K009;40;218;Hane;4;;;;Kustöversiktsnät augusti -Pilotfiske;;Holmön;JA;;;77;118;155;185;;;;;;;;;;;;;;;;
Abborre;Slumpmässigt urval;1988;;K009;41;203;Hane;4;;;;Kustöversiktsnät augusti -Pilotfiske;;Holmön;JA;;;54;93;138;165;;;;;;;;;;;;;;;;
Abborre;Slumpmässigt urval;1988;;K009;42;176;Hane;3;;;;Kustöversiktsnät augusti -Pilotfiske;;Holmön;JA;;;68;97;132;;;;;;;;;;;;;;;;;
Abborre;Slumpmässigt urval;1988;;K009;43;187;Hona;3;;;;Kustöversiktsnät augusti -Pilotfiske;;Holmön;JA;;;58;108;143;;;;;;;;;;;;;;;;;
Abborre;Slumpmässigt urval;1988;;K009;44;145;Hane;2;;;;Kustöversiktsnät augusti -Pilotfiske;;Holmön;JA;;;57;98;;;;;;;;;;;;;;;;;;
Abborre;Slumpmässigt urval;1988;;K009;45;199;Hane;3;;;;Kustöversiktsnät augusti -Pilotfiske;;Holmön;JA;;;64;123;155;;;;;;;;;;;;;;;;;
Abborre;Slumpmässigt urval;1988;;K009;46;229;Hona;4;;;;Kustöversiktsnät augusti -Pilotfiske;;Holmön;JA;;;69;115;164;188;;;;;;;;;;;;;;;;
Abborre;Slumpmässigt urval;1988;;K009;47;189;Hona;3;;;;Kustöversiktsnät augusti -Pilotfiske;;Holmön;JA;;;59;102;139;;;;;;;;;;;;;;;;;
Abborre;Slumpmässigt urval;1988;;K009;48;193;Hane;3;;;;Kustöversiktsnät augusti -Pilotfiske;;Holmön;JA;;;65;108;143;;;;;;;;;;;;;;;;;
Abborre;Slumpmässigt urval;1988;;K009;49;192;Hane;3;;;;Kustöversiktsnät augusti -Pilotfiske;;Holmön;JA;;;63;109;142;;;;;;;;;;;;;;;;;
Abborre;Slumpmässigt urval;1988;;K009;50;198;Hona;4;;;;Kustöversiktsnät augusti -Pilotfiske;;Holmön;JA;;;66;101;135;161;;;;;;;;;;;;;;;;
Abborre;Slumpmässigt urval;1988;;K009;51;195;Hane;3;;;;Kustöversiktsnät augusti -Pilotfiske;;Holmön;JA;;;64;108;147;;;;;;;;;;;;;;;;;
Abborre;Slumpmässigt urval;1988;;K009;52;193;Hane;3;;;;Kustöversiktsnät augusti -Pilotfiske;;Holmön;JA;;;58;110;144;;;;;;;;;;;;;;;;;
Abborre;Slumpmässigt urval;1988;;K009;53;179;Hane;3;;;;Kustöversiktsnät augusti -Pilotfiske;;Holmön;JA;;;59;109;136;;;;;;;;;;;;;;;;;
Abborre;Slumpmässigt urval;1988;;K009;54;210;Hane;3;;;;Kustöversiktsnät augusti -Pilotfiske;;Holmön;JA;;;60;128;166;;;;;;;;;;;;;;;;;
Abborre;Slumpmässigt urval;1988;;K009;56;138;Hona;2;;;;Kustöversiktsnät augusti -Pilotfiske;;Holmön;JA;;;54;93;;;;;;;;;;;;;;;;;;
Abborre;Slumpmässigt urval;1988;;K009;57;183;Hona;3;;;;Kustöversiktsnät augusti -Pilotfiske;;Holmön;JA;;;58;100;133;;;;;;;;;;;;;;;;;
Abborre;Slumpmässigt urval;1988;;K009;58;195;Hona;3;;;;Kustöversiktsnät augusti -Pilotfiske;;Holmön;JA;;;61;105;143;;;;;;;;;;;;;;;;;
Abborre;Slumpmässigt urval;1988;;K009;59;245;Hane;6;;;;Kustöversiktsnät augusti -Pilotfiske;;Holmön;JA;;;62;89;138;173;192;215;;;;;;;;;;;;;;
Abborre;Slumpmässigt urval;1988;;K009;61;266;Hane;5;;;;Kustöversiktsnät augusti -Pilotfiske;;Holmön;JA;;;75;128;168;208;238;;;;;;;;;;;;;;;
Abborre;Slumpmässigt urval;1988;;K009;62;241;Hona;4;;;;Kustöversiktsnät augusti -Pilotfiske;;Holmön;JA;;;72;111;159;194;;;;;;;;;;;;;;;;
Abborre;Slumpmässigt urval;1988;;K009;63;298;Hona;6;;;;Kustöversiktsnät augusti -Pilotfiske;;Holmön;JA;;;62;109;173;209;254;272;;;;;;;;;;;;;;
Abborre;Slumpmässigt urval;1988;;K009;64;234;Hona;4;;;;Kustöversiktsnät augusti -Pilotfiske;;Holmön;JA;;;61;120;162;196;;;;;;;;;;;;;;;;
Abborre;Slumpmässigt urval;1988;;K009;65;258;Hona;5;;;;Kustöversiktsnät augusti -Pilotfiske;;Holmön;JA;;;52;103;138;179;213;;;;;;;;;;;;;;;
Abborre;Slumpmässigt urval;1988;;K009;67;225;Hona;5;;;;Kustöversiktsnät augusti -Pilotfiske;;Holmön;JA;;;68;106;133;164;195;;;;;;;;;;;;;;;
Abborre;Slumpmässigt urval;1988;;K009;68;243;Hane;5;;;;Kustöversiktsnät augusti -Pilotfiske;;Holmön;JA;;;77;125;154;186;207;;;;;;;;;;;;;;;
Abborre;Slumpmässigt urval;1988;;K009;69;231;Hona;5;;;;Kustöversiktsnät augusti -Pilotfiske;;Holmön;JA;;;57;91;138;172;198;;;;;;;;;;;;;;;
Abborre;Slumpmässigt urval;1988;;K009;70;247;Hona;5;;;;Kustöversiktsnät augusti -Pilotfiske;;Holmön;JA;;;64;131;164;203;224;;;;;;;;;;;;;;;
Abborre;Slumpmässigt urval;1988;;K009;71;202;Hona;4;;;;Kustöversiktsnät augusti -Pilotfiske;;Holmön;JA;;;70;98;123;148;;;;;;;;;;;;;;;;
Abborre;Slumpmässigt urval;1988;;K009;72;231;Hona;5;;;;Kustöversiktsnät augusti -Pilotfiske;;Holmön;JA;;;62;97;126;156;186;;;;;;;;;;;;;;;
Abborre;Slumpmässigt urval;1988;;K009;73;263;Hane;6;;;;Kustöversiktsnät augusti -Pilotfiske;;Holmön;JA;;;61;94;128;164;207;229;;;;;;;;;;;;;;
Abborre;Slumpmässigt urval;1988;;K009;74;236;Hane;4;;;;Kustöversiktsnät augusti -Pilotfiske;;Holmön;JA;;;80;132;171;202;;;;;;;;;;;;;;;;
Abborre;Slumpmässigt urval;1988;;K009;75;132;Hona;2;;;;Kustöversiktsnät augusti -Pilotfiske;;Holmön;JA;;;67;93;;;;;;;;;;;;;;;;;;
Abborre;Slumpmässigt urval;1988;;K009;76;192;Hane;3;;;;Kustöversiktsnät augusti -Pilotfiske;;Holmön;JA;;;47;103;143;;;;;;;;;;;;;;;;;
Abborre;Slumpmässigt urval;1988;;K009;77;191;Hona;3;;;;Kustöversiktsnät augusti -Pilotfiske;;Holmön;JA;;;67;114;146;;;;;;;;;;;;;;;;;
Abborre;Slumpmässigt urval;1988;;K009;78;192;Hona;3;;;;Kustöversiktsnät augusti -Pilotfiske;;Holmön;JA;;;51;96;149;;;;;;;;;;;;;;;;;
Abborre;Slumpmässigt urval;1988;;K009;79;192;Hane;3;;;;Kustöversiktsnät augusti -Pilotfiske;;Holmön;JA;;;55;94;140;;;;;;;;;;;;;;;;;
Abborre;Slumpmässigt urval;1988;;K009;80;166;Hona;2;;;;Kustöversiktsnät augusti -Pilotfiske;;Holmön;JA;;;66;115;;;;;;;;;;;;;;;;;;
Abborre;Slumpmässigt urval;1988;;K009;81;134;Hane;2;;;;Kustöversiktsnät augusti -Pilotfiske;;Holmön;JA;;;53;88;;;;;;;;;;;;;;;;;;
Abborre;Slumpmässigt urval;1988;;K009;82;168;Hane;3;;;;Kustöversiktsnät augusti -Pilotfiske;;Holmön;JA;;;62;103;125;;;;;;;;;;;;;;;;;
Abborre;Slumpmässigt urval;1988;;K009;83;146;Hane;2;;;;Kustöversiktsnät augusti -Pilotfiske;;Holmön;JA;;;49;90;;;;;;;;;;;;;;;;;;
Abborre;Slumpmässigt urval;1988;;K009;84;130;Hane;2;;;;Kustöversiktsnät augusti -Pilotfiske;;Holmön;JA;;;49;82;;;;;;;;;;;;;;;;;;
Abborre;Slumpmässigt urval;1988;;K009;85;132;Hane;2;;;;Kustöversiktsnät augusti -Pilotfiske;;Holmön;JA;;;53;95;;;;;;;;;;;;;;;;;;
Abborre;Slumpmässigt urval;1988;;K009;86;159;Hona;2;;;;Kustöversiktsnät augusti -Pilotfiske;;Holmön;JA;;;66;108;;;;;;;;;;;;;;;;;;
Abborre;Slumpmässigt urval;1988;;K009;88;200;Hane;4;;;;Kustöversiktsnät augusti -Pilotfiske;;Holmön;JA;;;70;97;123;159;;;;;;;;;;;;;;;;
Abborre;Slumpmässigt urval;1988;;K009;89;191;Hona;3;;;;Kustöversiktsnät augusti -Pilotfiske;;Holmön;JA;;;78;100;137;;;;;;;;;;;;;;;;;
Abborre;Slumpmässigt urval;1988;;K009;90;199;Hane;3;;;;Kustöversiktsnät augusti -Pilotfiske;;Holmön;JA;;;50;108;154;;;;;;;;;;;;;;;;;
Abborre;Slumpmässigt urval;1988;;K009;91;201;Hane;4;;;;Kustöversiktsnät augusti -Pilotfiske;;Holmön;JA;;;47;97;123;155;;;;;;;;;;;;;;;;
Abborre;Slumpmässigt urval;1988;;K009;92;195;Hona;4;;;;Kustöversiktsnät augusti -Pilotfiske;;Holmön;JA;;;62;99;131;155;;;;;;;;;;;;;;;;
Abborre;Slumpmässigt urval;1988;;K009;93;133;Hane;2;;;;Kustöversiktsnät augusti -Pilotfiske;;Holmön;JA;;;53;82;;;;;;;;;;;;;;;;;;
Abborre;Slumpmässigt urval;1988;;K009;94;186;Hane;3;;;;Kustöversiktsnät augusti -Pilotfiske;;Holmön;JA;;;53;104;136;;;;;;;;;;;;;;;;;
Abborre;Slumpmässigt urval;1988;;K009;95;128;Hona;1;;;;Kustöversiktsnät augusti -Pilotfiske;;Holmön;JA;;;85;;;;;;;;;;;;;;;;;;;
Abborre;Slumpmässigt urval;1988;;K009;96;139;Hane;2;;;;Kustöversiktsnät augusti -Pilotfiske;;Holmön;JA;;;48;84;;;;;;;;;;;;;;;;;;
Abborre;Slumpmässigt urval;1988;;K009;97;193;Hane;3;;;;Kustöversiktsnät augusti -Pilotfiske;;Holmön;JA;;;77;113;145;;;;;;;;;;;;;;;;;
Abborre;Slumpmässigt urval;1988;;K009;98;202;Hane;4;;;;Kustöversiktsnät augusti -Pilotfiske;;Holmön;JA;;;69;114;149;173;;;;;;;;;;;;;;;;
Abborre;Slumpmässigt urval;1988;;K009;99;211;Hona;3;;;;Kustöversiktsnät augusti -Pilotfiske;;Holmön;JA;;;69;125;159;;;;;;;;;;;;;;;;;
Abborre;Slumpmässigt urval;1988;;K009;100;207;Hane;4;;;;Kustöversiktsnät augusti -Pilotfiske;;Holmön;JA;;;59;107;138;164;;;;;;;;;;;;;;;;
Abborre;Slumpmässigt urval;1988;;K009;101;293;Hona;5;;;;Kustöversiktsnät augusti -Pilotfiske;;Holmön;JA;;;62;87;146;202;248;;;;;;;;;;;;;;;
Abborre;Slumpmässigt urval;1988;;K009;102;220;Hane;5;;;;Kustöversiktsnät augusti -Pilotfiske;;Holmön;JA;;;63;89;139;168;191;;;;;;;;;;;;;;;
Abborre;Slumpmässigt urval;1988;;K009;103;257;Hona;4;;;;Kustöversiktsnät augusti -Pilotfiske;;Holmön;JA;;;78;121;171;211;;;;;;;;;;;;;;;;
Abborre;Slumpmässigt urval;1988;;K009;104;266;Hona;5;;;;Kustöversiktsnät augusti -Pilotfiske;;Holmön;JA;;;70;102;134;183;220;;;;;;;;;;;;;;;
Abborre;Slumpmässigt urval;1988;;K009;105;283;Hane;6;;;;Kustöversiktsnät augusti -Pilotfiske;;Holmön;JA;;;72;126;150;179;211;240;;;;;;;;;;;;;;
Abborre;Slumpmässigt urval;1988;;K009;106;223;Hane;4;;;;Kustöversiktsnät augusti -Pilotfiske;;Holmön;JA;;;74;110;153;178;;;;;;;;;;;;;;;;
Abborre;Slumpmässigt urval;1988;;K009;107;265;Hona;5;;;;Kustöversiktsnät augusti -Pilotfiske;;Holmön;JA;;;69;90;139;186;220;;;;;;;;;;;;;;;
Abborre;Slumpmässigt urval;1988;;K009;108;273;Hona;4;;;;Kustöversiktsnät augusti -Pilotfiske;;Holmön;JA;;;66;118;195;226;;;;;;;;;;;;;;;;
Abborre;Slumpmässigt urval;1988;;K009;109;219;Hane;5;;;;Kustöversiktsnät augusti -Pilotfiske;;Holmön;JA;;;74;113;141;170;190;;;;;;;;;;;;;;;
Abborre;Slumpmässigt urval;1988;;K009;110;243;Hona;7;;;;Kustöversiktsnät augusti -Pilotfiske;;Holmön;JA;;;57;92;128;157;189;210;230;;;;;;;;;;;;;
Abborre;Slumpmässigt urval;1988;;K009;111;238;Hona;5;;;;Kustöversiktsnät augusti -Pilotfiske;;Holmön;JA;;;53;80;122;165;191;;;;;;;;;;;;;;;
Abborre;Slumpmässigt urval;1988;;K009;112;208;Hona;4;;;;Kustöversiktsnät augusti -Pilotfiske;;Holmön;JA;;;71;123;159;183;;;;;;;;;;;;;;;;
Abborre;Slumpmässigt urval;1988;;K009;113;248;Hane;6;;;;Kustöversiktsnät augusti -Pilotfiske;;Holmön;JA;;;58;85;114;152;190;212;;;;;;;;;;;;;;
Abborre;Slumpmässigt urval;1988;;K009;114;204;Hane;3;;;;Kustöversiktsnät augusti -Pilotfiske;;Holmön;JA;;;63;101;148;;;;;;;;;;;;;;;;;
Abborre;Slumpmässigt urval;1988;;K009;115;223;Hona;4;;;;Kustöversiktsnät augusti -Pilotfiske;;Holmön;JA;;;70;110;159;186;;;;;;;;;;;;;;;;
Abborre;Slumpmässigt urval;1988;;K009;116;246;Hona;4;;;;Kustöversiktsnät augusti -Pilotfiske;;Holmön;JA;;;75;118;165;193;;;;;;;;;;;;;;;;
Abborre;Slumpmässigt urval;1988;;K009;117;243;Hona;5;;;;Kustöversiktsnät augusti -Pilotfiske;;Holmön;JA;;;59;84;132;177;205;;;;;;;;;;;;;;;
Abborre;Slumpmässigt urval;1988;;K009;118;255;Hane;5;;;;Kustöversiktsnät augusti -Pilotfiske;;Holmön;JA;;;72;118;150;198;229;;;;;;;;;;;;;;;
Abborre;Slumpmässigt urval;1988;;K009;119;248;Hona;4;;;;Kustöversiktsnät augusti -Pilotfiske;;Holmön;JA;;;68;124;157;198;;;;;;;;;;;;;;;;
Abborre;Slumpmässigt urval;1988;;K009;120;268;Hona;6;;;;Kustöversiktsnät augusti -Pilotfiske;;Holmön;JA;;;74;101;161;189;214;236;;;;;;;;;;;;;;
Abborre;Slumpmässigt urval;1988;;K009;123;258;Hane;6;;;;Kustöversiktsnät augusti -Pilotfiske;;Holmön;JA;;;74;108;128;161;195;225;;;;;;;;;;;;;;
Abborre;Slumpmässigt urval;1988;;K009;124;253;Hona;4;;;;Kustöversiktsnät augusti -Pilotfiske;;Holmön;JA;;;70;116;171;213;;;;;;;;;;;;;;;;
Abborre;Slumpmässigt urval;1988;;K009;125;255;Hane;5;;;;Kustöversiktsnät augusti -Pilotfiske;;Holmön;JA;;;58;99;134;199;227;;;;;;;;;;;;;;;
Abborre;Slumpmässigt urval;1988;;K009;126;258;Hona;5;;;;Kustöversiktsnät augusti -Pilotfiske;;Holmön;JA;;;64;120;172;205;224;;;;;;;;;;;;;;;
Abborre;Slumpmässigt urval;1988;;K009;127;242;Hane;4;;;;Kustöversiktsnät augusti -Pilotfiske;;Holmön;JA;;;73;124;173;206;;;;;;;;;;;;;;;;
Abborre;Slumpmässigt urval;1988;;K009;128;197;Hane;3;;;;Kustöversiktsnät augusti -Pilotfiske;;Holmön;JA;;;57;101;151;;;;;;;;;;;;;;;;;
Abborre;Slumpmässigt urval;1988;;K009;129;196;Hane;3;;;;Kustöversiktsnät augusti -Pilotfiske;;Holmön;JA;;;71;107;146;;;;;;;;;;;;;;;;;
Abborre;Slumpmässigt urval;1988;;K009;130;187;Hona;3;;;;Kustöversiktsnät augusti -Pilotfiske;;Holmön;JA;;;63;103;140;;;;;;;;;;;;;;;;;
Abborre;Slumpmässigt urval;1988;;K009;131;197;Hane;5;;;;Kustöversiktsnät augusti -Pilotfiske;;Holmön;JA;;;64;97;120;144;167;;;;;;;;;;;;;;;
Abborre;Slumpmässigt urval;1988;;K009;132;196;Hona;3;;;;Kustöversiktsnät augusti -Pilotfiske;;Holmön;JA;;;64;118;144;;;;;;;;;;;;;;;;;
Abborre;Slumpmässigt urval;1988;;K009;133;137;Hona;2;;;;Kustöversiktsnät augusti -Pilotfiske;;Holmön;JA;;;52;94;;;;;;;;;;;;;;;;;;
Abborre;Slumpmässigt urval;1988;;K009;134;127;Hona;2;;;;Kustöversiktsnät augusti -Pilotfiske;;Holmön;JA;;;51;82;;;;;;;;;;;;;;;;;;
Abborre;Slumpmässigt urval;1988;;K009;135;240;Hona;5;;;;Kustöversiktsnät augusti -Pilotfiske;;Holmön;JA;;;53;75;95;151;195;;;;;;;;;;;;;;;
Abborre;Slumpmässigt urval;1988;;K009;136;238;Hona;5;;;;Kustöversiktsnät augusti -Pilotfiske;;Holmön;JA;;;71;106;141;179;204;;;;;;;;;;;;;;;
Abborre;Slumpmässigt urval;1988;;K009;137;228;Hona;4;;;;Kustöversiktsnät augusti -Pilotfiske;;Holmön;JA;;;72;107;152;182;;;;;;;;;;;;;;;;
Abborre;Slumpmässigt urval;1988;;K009;138;276;Hona;5;;;;Kustöversiktsnät augusti -Pilotfiske;;Holmön;JA;;;65;92;149;199;230;;;;;;;;;;;;;;;
Abborre;Slumpmässigt urval;1988;;K009;139;278;Hane;6;;;;Kustöversiktsnät augusti -Pilotfiske;;Holmön;JA;;;59;103;137;176;218;241;;;;;;;;;;;;;;
Abborre;Slumpmässigt urval;1988;;K009;141;274;Hona;6;;;;Kustöversiktsnät augusti -Pilotfiske;;Holmön;JA;;;79;108;164;202;242;260;;;;;;;;;;;;;;
Abborre;Slumpmässigt urval;1988;;K009;142;276;Hane;6;;;;Kustöversiktsnät augusti -Pilotfiske;;Holmön;JA;;;62;108;137;170;208;236;;;;;;;;;;;;;;
Abborre;Slumpmässigt urval;1988;;K009;143;271;Hane;5;;;;Kustöversiktsnät augusti -Pilotfiske;;Holmön;JA;;;73;132;168;209;234;;;;;;;;;;;;;;;
Abborre;Slumpmässigt urval;1988;;K009;144;281;Hona;5;;;;Kustöversiktsnät augusti -Pilotfiske;;Holmön;JA;;;71;122;162;210;241;;;;;;;;;;;;;;;
Abborre;Slumpmässigt urval;1988;;K009;145;253;Hane;7;;;;Kustöversiktsnät augusti -Pilotfiske;;Holmön;JA;;;54;79;126;157;204;222;232;;;;;;;;;;;;;
Abborre;Slumpmässigt urval;1988;;K009;146;279;Hona;6;;;;Kustöversiktsnät augusti -Pilotfiske;;Holmön;JA;;;53;94;134;174;218;245;;;;;;;;;;;;;;
Abborre;Slumpmässigt urval;1988;;K009;147;271;Hane;5;;;;Kustöversiktsnät augusti -Pilotfiske;;Holmön;JA;;;54;85;137;190;227;;;;;;;;;;;;;;;
Abborre;Slumpmässigt urval;1988;;K009;148;276;Hane;6;;;;Kustöversiktsnät augusti -Pilotfiske;;Holmön;JA;;;59;89;151;185;230;252;;;;;;;;;;;;;;
Abborre;Slumpmässigt urval;1988;;K009;149;247;Hane;5;;;;Kustöversiktsnät augusti -Pilotfiske;;Holmön;JA;;;57;83;126;179;205;;;;;;;;;;;;;;;
Abborre;Slumpmässigt urval;1988;;K009;150;258;Hona;4;;;;Kustöversiktsnät augusti -Pilotfiske;;Holmön;JA;;;75;129;180;214;;;;;;;;;;;;;;;;
Abborre;Slumpmässigt urval;1988;;K009;151;226;Hane;4;;;;Kustöversiktsnät augusti -Pilotfiske;;Holmön;JA;;;65;97;133;175;;;;;;;;;;;;;;;;
Abborre;Slumpmässigt urval;1988;;K009;152;194;Hane;3;;;;Kustöversiktsnät augusti -Pilotfiske;;Holmön;JA;;;71;114;145;;;;;;;;;;;;;;;;;
Abborre;Slumpmässigt urval;1988;;K009;153;253;Hona;6;;;;Kustöversiktsnät augusti -Pilotfiske;;Holmön;JA;;;64;85;134;180;212;233;;;;;;;;;;;;;;
Abborre;Slumpmässigt urval;1988;;K009;154;200;Hona;4;;;;Kustöversiktsnät augusti -Pilotfiske;;Holmön;JA;;;57;101;140;166;;;;;;;;;;;;;;;;
Abborre;Slumpmässigt urval;1988;;K009;155;220;Hane;5;;;;Kustöversiktsnät augusti -Pilotfiske;;Holmön;JA;;;44;65;110;146;178;;;;;;;;;;;;;;;
Abborre;Slumpmässigt urval;1988;;K009;157;194;Hona;4;;;;Kustöversiktsnät augusti -Pilotfiske;;Holmön;JA;;;60;86;111;143;;;;;;;;;;;;;;;;
Abborre;Slumpmässigt urval;1988;;K009;158;205;Hane;3;;;;Kustöversiktsnät augusti -Pilotfiske;;Holmön;JA;;;60;111;153;;;;;;;;;;;;;;;;;
Abborre;Slumpmässigt urval;1988;;K009;159;136;Hona;2;;;;Kustöversiktsnät augusti -Pilotfiske;;Holmön;JA;;;64;89;;;;;;;;;;;;;;;;;;
Abborre;Slumpmässigt urval;1988;;K009;160;133;Hona;2;;;;Kustöversiktsnät augusti -Pilotfiske;;Holmön;JA;;;75;100;;;;;;;;;;;;;;;;;;
Abborre;Slumpmässigt urval;1988;;K009;163;137;Hona;2;;;;Kustöversiktsnät augusti -Pilotfiske;;Holmön;JA;;;55;87;;;;;;;;;;;;;;;;;;
Abborre;Slumpmässigt urval;1988;;K009;164;243;Hona;5;;;;Kustöversiktsnät augusti -Pilotfiske;;Holmön;JA;;;49;75;131;199;228;;;;;;;;;;;;;;;
Abborre;Slumpmässigt urval;1988;;K009;165;265;Hane;5;;;;Kustöversiktsnät augusti -Pilotfiske;;Holmön;JA;;;59;131;168;207;234;;;;;;;;;;;;;;;
Abborre;Slumpmässigt urval;1988;;K009;166;240;Hona;5;;;;Kustöversiktsnät augusti -Pilotfiske;;Holmön;JA;;;72;116;163;190;217;;;;;;;;;;;;;;;
Abborre;Slumpmässigt urval;1988;;K009;167;210;Hona;4;;;;Kustöversiktsnät augusti -Pilotfiske;;Holmön;JA;;;62;110;152;190;;;;;;;;;;;;;;;;
Abborre;Slumpmässigt urval;1988;;K009;169;183;Hane;4;;;;Kustöversiktsnät augusti -Pilotfiske;;Holmön;JA;;;71;103;142;157;;;;;;;;;;;;;;;;
Abborre;Slumpmässigt urval;1988;;K009;170;253;Hane;6;;;;Kustöversiktsnät augusti -Pilotfiske;;Holmön;JA;;;54;77;130;177;204;237;;;;;;;;;;;;;;
Abborre;Slumpmässigt urval;1988;;K009;171;246;Hona;4;;;;Kustöversiktsnät augusti -Pilotfiske;;Holmön;JA;;;76;131;161;196;;;;;;;;;;;;;;;;
Abborre;Slumpmässigt urval;1988;;K009;172;288;Hona;5;;;;Kustöversiktsnät augusti -Pilotfiske;;Holmön;JA;;;76;135;168;209;240;;;;;;;;;;;;;;;
Abborre;Slumpmässigt urval;1988;;K009;173;179;Hane;3;;;;Kustöversiktsnät augusti -Pilotfiske;;Holmön;JA;;;75;109;140;;;;;;;;;;;;;;;;;
Abborre;Slumpmässigt urval;1988;;K009;174;127;Hona;2;;;;Kustöversiktsnät augusti -Pilotfiske;;Holmön;JA;;;51;82;;;;;;;;;;;;;;;;;;
Abborre;Slumpmässigt urval;1988;;K009;179;252;Hane;5;;;;Kustöversiktsnät augusti -Pilotfiske;;Holmön;JA;;;58;84;138;186;222;;;;;;;;;;;;;;;
Abborre;Slumpmässigt urval;1988;;K009;180;193;Hona;5;;;;Kustöversiktsnät augusti -Pilotfiske;;Holmön;JA;;;71;99;138;155;173;;;;;;;;;;;;;;;
Abborre;Slumpmässigt urval;1988;;K009;181;222;Hane;4;;;;Kustöversiktsnät augusti -Pilotfiske;;Holmön;JA;;;69;93;143;179;;;;;;;;;;;;;;;;
Abborre;Slumpmässigt urval;1988;;K009;183;272;Hona;5;;;;Kustöversiktsnät augusti -Pilotfiske;;Holmön;JA;;;70;102;122;186;220;;;;;;;;;;;;;;;
Abborre;Slumpmässigt urval;1988;;K009;184;185;Hona;3;;;;Kustöversiktsnät augusti -Pilotfiske;;Holmön;JA;;;52;100;137;;;;;;;;;;;;;;;;;
Abborre;Slumpmässigt urval;1988;;K009;185;250;Hane;6;;;;Kustöversiktsnät augusti -Pilotfiske;;Holmön;JA;;;64;93;127;148;184;207;;;;;;;;;;;;;;
Abborre;Slumpmässigt urval;1988;;K009;186;200;Hona;3;;;;Kustöversiktsnät augusti -Pilotfiske;;Holmön;JA;;;59;116;146;;;;;;;;;;;;;;;;;
Abborre;Slumpmässigt urval;1988;;K009;187;193;Hona;3;;;;Kustöversiktsnät augusti -Pilotfiske;;Holmön;JA;;;69;102;152;;;;;;;;;;;;;;;;;
Abborre;Slumpmässigt urval;1988;;K009;188;244;Hona;4;;;;Kustöversiktsnät augusti -Pilotfiske;;Holmön;JA;;;65;102;157;194;;;;;;;;;;;;;;;;
Abborre;Slumpmässigt urval;1988;;K009;189;180;Hane;4;;;;Kustöversiktsnät augusti -Pilotfiske;;Holmön;JA;;;62;92;127;157;;;;;;;;;;;;;;;;
Abborre;Slumpmässigt urval;1988;;K009;190;212;Hona;4;;;;Kustöversiktsnät augusti -Pilotfiske;;Holmön;JA;;;73;106;146;174;;;;;;;;;;;;;;;;
Abborre;Slumpmässigt urval;1988;;K009;191;134;Hane;2;;;;Kustöversiktsnät augusti -Pilotfiske;;Holmön;JA;;;53;91;;;;;;;;;;;;;;;;;;
Abborre;Slumpmässigt urval;1988;;K009;192;220;Hona;4;;;;Kustöversiktsnät augusti -Pilotfiske;;Holmön;JA;;;60;82;133;169;;;;;;;;;;;;;;;;
Abborre;Slumpmässigt urval;1988;;K009;193;241;Hane;5;;;;Kustöversiktsnät augusti -Pilotfiske;;Holmön;JA;;;68;104;137;176;200;;;;;;;;;;;;;;;
Abborre;Slumpmässigt urval;1988;;K009;194;137;Hona;2;;;;Kustöversiktsnät augusti -Pilotfiske;;Holmön;JA;;;53;88;;;;;;;;;;;;;;;;;;
Abborre;Slumpmässigt urval;1988;;K009;196;266;Hona;5;;;;Kustöversiktsnät augusti -Pilotfiske;;Holmön;JA;;;65;126;163;199;225;;;;;;;;;;;;;;;
Abborre;Slumpmässigt urval;1988;;K009;197;182;Hona;3;;;;Kustöversiktsnät augusti -Pilotfiske;;Holmön;JA;;;66;106;138;;;;;;;;;;;;;;;;;
Abborre;Slumpmässigt urval;1988;;K009;198;197;Hona;4;;;;Kustöversiktsnät augusti -Pilotfiske;;Holmön;JA;;;56;80;105;144;;;;;;;;;;;;;;;;
Abborre;Slumpmässigt urval;1988;;K009;200;196;Hane;3;;;;Kustöversiktsnät augusti -Pilotfiske;;Holmön;JA;;;59;108;144;;;;;;;;;;;;;;;;;
Abborre;Slumpmässigt urval;1988;;K009;201;230;Hona;4;;;;Kustöversiktsnät augusti -Pilotfiske;;Holmön;JA;;;80;122;166;188;;;;;;;;;;;;;;;;
Abborre;Slumpmässigt urval;1988;;K009;202;247;Hona;4;;;;Kustöversiktsnät augusti -Pilotfiske;;Holmön;JA;;;70;124;163;197;;;;;;;;;;;;;;;;
Abborre;Slumpmässigt urval;1988;;K009;203;260;Hane;5;;;;Kustöversiktsnät augusti -Pilotfiske;;Holmön;JA;;;66;120;154;193;223;;;;;;;;;;;;;;;
Abborre;Slumpmässigt urval;1988;;K009;204;138;Hona;2;;;;Kustöversiktsnät augusti -Pilotfiske;;Holmön;JA;;;75;98;;;;;;;;;;;;;;;;;;
Abborre;Slumpmässigt urval;1988;;K009;205;136;Hane;2;;;;Kustöversiktsnät augusti -Pilotfiske;;Holmön;JA;;;56;89;;;;;;;;;;;;;;;;;;
Abborre;Slumpmässigt urval;1988;;K009;206;136;Hane;2;;;;Kustöversiktsnät augusti -Pilotfiske;;Holmön;JA;;;60;87;;;;;;;;;;;;;;;;;;
Abborre;Slumpmässigt urval;1988;;K009;207;212;Hane;4;;;;Kustöversiktsnät augusti -Pilotfiske;;Holmön;JA;;;64;103;137;171;;;;;;;;;;;;;;;;
Abborre;Slumpmässigt urval;1988;;K009;208;139;Hona;2;;;;Kustöversiktsnät augusti -Pilotfiske;;Holmön;JA;;;59;92;;;;;;;;;;;;;;;;;;
Abborre;Slumpmässigt urval;1988;;K009;209;127;Hona;1;;;;Kustöversiktsnät augusti -Pilotfiske;;Holmön;JA;;;78;;;;;;;;;;;;;;;;;;;
Abborre;Slumpmässigt urval;1988;;K009;210;136;Hona;2;;;;Kustöversiktsnät augusti -Pilotfiske;;Holmön;JA;;;53;80;;;;;;;;;;;;;;;;;;
Abborre;Slumpmässigt urval;1988;;K009;211;220;Hona;5;;;;Kustöversiktsnät augusti -Pilotfiske;;Holmön;JA;;;61;107;146;172;204;;;;;;;;;;;;;;;
Abborre;Slumpmässigt urval;1988;;K009;212;129;Hona;2;;;;Kustöversiktsnät augusti -Pilotfiske;;Holmön;JA;;;50;81;;;;;;;;;;;;;;;;;;
Abborre;Slumpmässigt urval;1988;;K009;213;185;Hane;3;;;;Kustöversiktsnät augusti -Pilotfiske;;Holmön;JA;;;67;116;157;;;;;;;;;;;;;;;;;
Abborre;Slumpmässigt urval;1988;;K009;214;185;Hona;3;;;;Kustöversiktsnät augusti -Pilotfiske;;Holmön;JA;;;60;94;143;;;;;;;;;;;;;;;;;
Abborre;Slumpmässigt urval;1988;;K009;215;249;Hona;4;;;;Kustöversiktsnät augusti -Pilotfiske;;Holmön;JA;;;72;119;157;197;;;;;;;;;;;;;;;;
Abborre;Slumpmässigt urval;1988;;K009;216;200;Hona;3;;;;Kustöversiktsnät augusti -Pilotfiske;;Holmön;JA;;;61;94;130;;;;;;;;;;;;;;;;;
Abborre;Slumpmässigt urval;1988;;K009;217;137;Hane;2;;;;Kustöversiktsnät augusti -Pilotfiske;;Holmön;JA;;;56;85;;;;;;;;;;;;;;;;;;
Abborre;Slumpmässigt urval;1988;;K009;218;150;Hane;2;;;;Kustöversiktsnät augusti -Pilotfiske;;Holmön;JA;;;56;88;;;;;;;;;;;;;;;;;;
Abborre;Slumpmässigt urval;1988;;K009;219;177;Hona;3;;;;Kustöversiktsnät augusti -Pilotfiske;;Holmön;JA;;;59;101;135;;;;;;;;;;;;;;;;;
Abborre;Slumpmässigt urval;1988;;K009;220;211;Hane;4;;;;Kustöversiktsnät augusti -Pilotfiske;;Holmön;JA;;;81;126;157;179;;;;;;;;;;;;;;;;
Abborre;Slumpmässigt urval;1988;;K009;221;195;Hona;4;;;;Kustöversiktsnät augusti -Pilotfiske;;Holmön;JA;;;53;96;129;156;;;;;;;;;;;;;;;;
Abborre;Slumpmässigt urval;1988;;K009;222;134;Hona;2;;;;Kustöversiktsnät augusti -Pilotfiske;;Holmön;JA;;;49;82;;;;;;;;;;;;;;;;;;
Abborre;Slumpmässigt urval;1988;;K009;223;186;Hona;3;;;;Kustöversiktsnät augusti -Pilotfiske;;Holmön;JA;;;66;105;140;;;;;;;;;;;;;;;;;
Abborre;Slumpmässigt urval;1988;;K009;224;191;Hona;3;;;;Kustöversiktsnät augusti -Pilotfiske;;Holmön;JA;;;55;98;137;;;;;;;;;;;;;;;;;
Abborre;Slumpmässigt urval;1988;;K009;225;200;Hane;4;;;;Kustöversiktsnät augusti -Pilotfiske;;Holmön;JA;;;47;97;126;159;;;;;;;;;;;;;;;;
Abborre;Slumpmässigt urval;1988;;K009;226;141;Hona;2;;;;Kustöversiktsnät augusti -Pilotfiske;;Holmön;JA;;;59;100;;;;;;;;;;;;;;;;;;
Abborre;Slumpmässigt urval;1988;;K009;227;133;Hona;2;;;;Kustöversiktsnät augusti -Pilotfiske;;Holmön;JA;;;55;88;;;;;;;;;;;;;;;;;;
Abborre;Slumpmässigt urval;1988;;K009;228;137;Hona;2;;;;Kustöversiktsnät augusti -Pilotfiske;;Holmön;JA;;;52;85;;;;;;;;;;;;;;;;;;
Abborre;Slumpmässigt urval;1988;;K009;229;140;Hane;2;;;;Kustöversiktsnät augusti -Pilotfiske;;Holmön;JA;;;52;89;;;;;;;;;;;;;;;;;;
Abborre;Slumpmässigt urval;1988;;K009;230;135;Hona;3;;;;Kustöversiktsnät augusti -Pilotfiske;;Holmön;JA;;;60;83;109;;;;;;;;;;;;;;;;;
Abborre;Slumpmässigt urval;1988;;K009;231;176;Hona;3;;;;Kustöversiktsnät augusti -Pilotfiske;;Holmön;JA;;;71;98;123;;;;;;;;;;;;;;;;;
Abborre;Slumpmässigt urval;1988;;K009;232;170;Hane;3;;;;Kustöversiktsnät augusti -Pilotfiske;;Holmön;JA;;;64;99;127;;;;;;;;;;;;;;;;;
Abborre;Slumpmässigt urval;1988;;K009;233;178;Hane;3;;;;Kustöversiktsnät augusti -Pilotfiske;;Holmön;JA;;;61;106;132;;;;;;;;;;;;;;;;;
Abborre;Slumpmässigt urval;1988;;K009;234;202;Hona;3;;;;Kustöversiktsnät augusti -Pilotfiske;;Holmön;JA;;;65;112;155;;;;;;;;;;;;;;;;;
Abborre;Slumpmässigt urval;1988;;K009;235;227;Hane;5;;;;Kustöversiktsnät augusti -Pilotfiske;;Holmön;JA;;;67;83;132;173;198;;;;;;;;;;;;;;;
Abborre;Slumpmässigt urval;1988;;K009;236;141;Hona;2;;;;Kustöversiktsnät augusti -Pilotfiske;;Holmön;JA;;;52;88;;;;;;;;;;;;;;;;;;
Abborre;Slumpmässigt urval;1988;;K009;237;199;Hona;3;;;;Kustöversiktsnät augusti -Pilotfiske;;Holmön;JA;;;72;122;153;;;;;;;;;;;;;;;;;
Abborre;Slumpmässigt urval;1988;;K009;238;250;Hona;4;;;;Kustöversiktsnät augusti -Pilotfiske;;Holmön;JA;;;73;122;167;203;;;;;;;;;;;;;;;;
Abborre;Slumpmässigt urval;1988;;K009;239;267;Hona;5;;;;Kustöversiktsnät augusti -Pilotfiske;;Holmön;JA;;;75;123;157;195;226;;;;;;;;;;;;;;;
Abborre;Slumpmässigt urval;1988;;K009;240;275;Hane;6;;;;Kustöversiktsnät augusti -Pilotfiske;;Holmön;JA;;;65;116;166;200;231;254;;;;;;;;;;;;;;
Abborre;Slumpmässigt urval;1988;;K009;241;236;Hane;6;;;;Kustöversiktsnät augusti -Pilotfiske;;Holmön;JA;;;68;114;147;168;189;212;;;;;;;;;;;;;;
Abborre;Slumpmässigt urval;1988;;K009;242;162;Hane;3;;;;Kustöversiktsnät augusti -Pilotfiske;;Holmön;JA;;;55;99;132;;;;;;;;;;;;;;;;;
Abborre;Slumpmässigt urval;1988;;K009;243;146;Hona;2;;;;Kustöversiktsnät augusti -Pilotfiske;;Holmön;JA;;;53;94;;;;;;;;;;;;;;;;;;
Abborre;Slumpmässigt urval;1988;;K009;244;130;Hane;2;;;;Kustöversiktsnät augusti -Pilotfiske;;Holmön;JA;;;60;86;;;;;;;;;;;;;;;;;;
Abborre;Slumpmässigt urval;1988;;K009;245;136;Hane;2;;;;Kustöversiktsnät augusti -Pilotfiske;;Holmön;JA;;;50;76;;;;;;;;;;;;;;;;;;
Abborre;Slumpmässigt urval;1988;;K009;246;265;Hane;6;;;;Kustöversiktsnät augusti -Pilotfiske;;Holmön;JA;;;68;104;137;191;224;243;;;;;;;;;;;;;;
Abborre;Slumpmässigt urval;1988;;K009;247;247;Hona;6;;;;Kustöversiktsnät augusti -Pilotfiske;;Holmön;JA;;;58;76;128;175;204;227;;;;;;;;;;;;;;
Abborre;Slumpmässigt urval;1988;;K009;248;268;Hona;6;;;;Kustöversiktsnät augusti -Pilotfiske;;Holmön;JA;;;57;89;124;160;204;226;;;;;;;;;;;;;;
Abborre;Slumpmässigt urval;1988;;K009;249;259;Hane;6;;;;Kustöversiktsnät augusti -Pilotfiske;;Holmön;JA;;;62;84;136;163;202;227;;;;;;;;;;;;;;
Abborre;Slumpmässigt urval;1988;;K009;250;243;Hona;5;;;;Kustöversiktsnät augusti -Pilotfiske;;Holmön;JA;;;51;77;113;161;196;;;;;;;;;;;;;;;
Abborre;Slumpmässigt urval;1988;;K009;251;246;Hona;6;;;;Kustöversiktsnät augusti -Pilotfiske;;Holmön;JA;;;60;84;136;177;207;222;;;;;;;;;;;;;;
Abborre;Slumpmässigt urval;1988;;K009;252;273;Hane;6;;;;Kustöversiktsnät augusti -Pilotfiske;;Holmön;JA;;;62;104;131;165;203;235;;;;;;;;;;;;;;
Abborre;Slumpmässigt urval;1988;;K009;253;250;Hona;5;;;;Kustöversiktsnät augusti -Pilotfiske;;Holmön;JA;;;74;111;147;183;208;;;;;;;;;;;;;;;
Abborre;Slumpmässigt urval;1988;;K009;254;256;Hona;6;;;;Kustöversiktsnät augusti -Pilotfiske;;Holmön;JA;;;58;75;116;158;196;219;;;;;;;;;;;;;;
Abborre;Slumpmässigt urval;1988;;K009;255;233;Hane;5;;;;Kustöversiktsnät augusti -Pilotfiske;;Holmön;JA;;;68;108;145;188;206;;;;;;;;;;;;;;;
Abborre;Slumpmässigt urval;1988;;K009;256;272;Hona;4;;;;Kustöversiktsnät augusti -Pilotfiske;;Holmön;JA;;;74;141;190;229;;;;;;;;;;;;;;;;
Abborre;Slumpmässigt urval;1988;;K009;257;260;Hane;5;;;;Kustöversiktsnät augusti -Pilotfiske;;Holmön;JA;;;62;104;143;195;225;;;;;;;;;;;;;;;
Abborre;Slumpmässigt urval;1988;;K009;260;247;Hane;4;;;;Kustöversiktsnät augusti -Pilotfiske;;Holmön;JA;;;74;133;182;211;;;;;;;;;;;;;;;;
Abborre;Slumpmässigt urval;1988;;K009;261;254;Hane;5;;;;Kustöversiktsnät augusti -Pilotfiske;;Holmön;JA;;;57;86;137;176;209;;;;;;;;;;;;;;;
Abborre;Slumpmässigt urval;1988;;K009;262;256;Hona;4;;;;Kustöversiktsnät augusti -Pilotfiske;;Holmön;JA;;;74;135;186;215;;;;;;;;;;;;;;;;
Abborre;Slumpmässigt urval;1988;;K009;263;220;Hona;5;;;;Kustöversiktsnät augusti -Pilotfiske;;Holmön;JA;;;53;108;135;167;188;;;;;;;;;;;;;;;
Abborre;Slumpmässigt urval;1988;;K009;264;231;Hona;4;;;;Kustöversiktsnät augusti -Pilotfiske;;Holmön;JA;;;74;113;163;184;;;;;;;;;;;;;;;;
Abborre;Slumpmässigt urval;1988;;K009;266;202;Hona;3;;;;Kustöversiktsnät augusti -Pilotfiske;;Holmön;JA;;;66;104;147;;;;;;;;;;;;;;;;;
Abborre;Slumpmässigt urval;1988;;K009;267;142;Hane;3;;;;Kustöversiktsnät augusti -Pilotfiske;;Holmön;JA;;;60;93;127;;;;;;;;;;;;;;;;;
Abborre;Slumpmässigt urval;1988;;K009;268;138;Hona;2;;;;Kustöversiktsnät augusti -Pilotfiske;;Holmön;JA;;;58;103;;;;;;;;;;;;;;;;;;
Abborre;Slumpmässigt urval;1988;;K009;270;153;Hona;2;;;;Kustöversiktsnät augusti -Pilotfiske;;Holmön;JA;;;50;92;;;;;;;;;;;;;;;;;;
Abborre;Slumpmässigt urval;1988;;K009;271;249;Hona;5;;;;Kustöversiktsnät augusti -Pilotfiske;;Holmön;JA;;;60;118;152;192;219;;;;;;;;;;;;;;;
Abborre;Slumpmässigt urval;1988;;K009;272;272;Hane;6;;;;Kustöversiktsnät augusti -Pilotfiske;;Holmön;JA;;;52;92;128;165;210;233;;;;;;;;;;;;;;
Abborre;Slumpmässigt urval;1988;;K009;273;263;Hona;4;;;;Kustöversiktsnät augusti -Pilotfiske;;Holmön;JA;;;75;136;186;220;;;;;;;;;;;;;;;;
Abborre;Slumpmässigt urval;1988;;K009;274;149;Hona;2;;;;Kustöversiktsnät augusti -Pilotfiske;;Holmön;JA;;;55;99;;;;;;;;;;;;;;;;;;
Abborre;Slumpmässigt urval;1988;;K009;275;136;Hona;2;;;;Kustöversiktsnät augusti -Pilotfiske;;Holmön;JA;;;53;87;;;;;;;;;;;;;;;;;;
Abborre;Slumpmässigt urval;1988;;K009;277;210;Hona;3;;;;Kustöversiktsnät augusti -Pilotfiske;;Holmön;JA;;;65;125;165;;;;;;;;;;;;;;;;;
Abborre;Slumpmässigt urval;1988;;K009;278;136;Hane;2;;;;Kustöversiktsnät augusti -Pilotfiske;;Holmön;JA;;;59;87;;;;;;;;;;;;;;;;;;
Abborre;Slumpmässigt urval;1988;;K009;279;137;Hona;2;;;;Kustöversiktsnät augusti -Pilotfiske;;Holmön;JA;;;62;89;;;;;;;;;;;;;;;;;;
Abborre;Slumpmässigt urval;1988;;K009;280;164;Hona;2;;;;Kustöversiktsnät augusti -Pilotfiske;;Holmön;JA;;;61;108;;;;;;;;;;;;;;;;;;
Abborre;Slumpmässigt urval;1988;;K009;281;187;Hane;3;;;;Kustöversiktsnät augusti -Pilotfiske;;Holmön;JA;;;53;100;143;;;;;;;;;;;;;;;;;
Abborre;Slumpmässigt urval;1988;;K009;282;218;Hona;4;;;;Kustöversiktsnät augusti -Pilotfiske;;Holmön;JA;;;60;102;140;172;;;;;;;;;;;;;;;;
Abborre;Slumpmässigt urval;1988;;K009;283;250;Hona;4;;;;Kustöversiktsnät augusti -Pilotfiske;;Holmön;JA;;;70;127;168;201;;;;;;;;;;;;;;;;
Abborre;Slumpmässigt urval;1988;;K009;284;146;Hona;2;;;;Kustöversiktsnät augusti -Pilotfiske;;Holmön;JA;;;74;105;;;;;;;;;;;;;;;;;;
Abborre;Slumpmässigt urval;1988;;K009;285;222;Hane;4;;;;Kustöversiktsnät augusti -Pilotfiske;;Holmön;JA;;;74;117;158;181;;;;;;;;;;;;;;;;
Abborre;Slumpmässigt urval;1988;;K009;286;138;Hane;2;;;;Kustöversiktsnät augusti -Pilotfiske;;Holmön;JA;;;51;86;;;;;;;;;;;;;;;;;;
Abborre;Slumpmässigt urval;1988;;K009;287;200;Hona;3;;;;Kustöversiktsnät augusti -Pilotfiske;;Holmön;JA;;;50;110;151;;;;;;;;;;;;;;;;;
Abborre;Slumpmässigt urval;1988;;K009;288;197;Hona;4;;;;Kustöversiktsnät augusti -Pilotfiske;;Holmön;JA;;;69;99;125;148;;;;;;;;;;;;;;;;
Abborre;Slumpmässigt urval;1988;;K009;289;250;Hona;5;;;;Kustöversiktsnät augusti -Pilotfiske;;Holmön;JA;;;76;127;158;190;213;;;;;;;;;;;;;;;
Abborre;Slumpmässigt urval;1988;;K009;290;201;Hona;3;;;;Kustöversiktsnät augusti -Pilotfiske;;Holmön;JA;;;65;117;153;;;;;;;;;;;;;;;;;
Abborre;Slumpmässigt urval;1988;;K009;291;262;Hane;5;;;;Kustöversiktsnät augusti -Pilotfiske;;Holmön;JA;;;63;82;149;195;223;;;;;;;;;;;;;;;
Abborre;Slumpmässigt urval;1988;;K009;294;253;Hane;5;;;;Kustöversiktsnät augusti -Pilotfiske;;Holmön;JA;;;64;89;140;197;227;;;;;;;;;;;;;;;
Abborre;Slumpmässigt urval;1988;;K009;295;260;Hane;5;;;;Kustöversiktsnät augusti -Pilotfiske;;Holmön;JA;;;74;126;157;192;225;;;;;;;;;;;;;;;
Abborre;Slumpmässigt urval;1988;;K009;296;126;Hona;1;;;;Kustöversiktsnät augusti -Pilotfiske;;Holmön;JA;;;78;;;;;;;;;;;;;;;;;;;
Abborre;Slumpmässigt urval;1988;;K009;297;148;Hane;2;;;;Kustöversiktsnät augusti -Pilotfiske;;Holmön;JA;;;67;105;;;;;;;;;;;;;;;;;;
Abborre;Slumpmässigt urval;1988;;K009;298;191;Hane;3;;;;Kustöversiktsnät augusti -Pilotfiske;;Holmön;JA;;;69;92;144;;;;;;;;;;;;;;;;;
Abborre;Slumpmässigt urval;1988;;K009;299;243;Hona;5;;;;Kustöversiktsnät augusti -Pilotfiske;;Holmön;JA;;;62;81;132;174;204;;;;;;;;;;;;;;;
Abborre;Slumpmässigt urval;1988;;K009;300;225;Hane;4;;;;Kustöversiktsnät augusti -Pilotfiske;;Holmön;JA;;;60;125;167;193;;;;;;;;;;;;;;;;
Abborre;Slumpmässigt urval;1988;;K009;301;133;Hane;2;;;;Kustöversiktsnät augusti -Pilotfiske;;Holmön;JA;;;73;95;;;;;;;;;;;;;;;;;;
Abborre;Slumpmässigt urval;1988;;K009;302;157;Hona;2;;;;Kustöversiktsnät augusti -Pilotfiske;;Holmön;JA;;;68;111;;;;;;;;;;;;;;;;;;
Abborre;Slumpmässigt urval;1988;;K009;303;140;Hane;2;;;;Kustöversiktsnät augusti -Pilotfiske;;Holmön;JA;;;55;94;;;;;;;;;;;;;;;;;;
Abborre;Slumpmässigt urval;1988;;K009;304;127;Hane;2;;;;Kustöversiktsnät augusti -Pilotfiske;;Holmön;JA;;;60;87;;;;;;;;;;;;;;;;;;
Abborre;Slumpmässigt urval;1988;;K009;305;135;Hona;2;;;;Kustöversiktsnät augusti -Pilotfiske;;Holmön;JA;;;60;85;;;;;;;;;;;;;;;;;;
Abborre;Slumpmässigt urval;1988;;K009;306;236;Hane;5;;;;Kustöversiktsnät augusti -Pilotfiske;;Holmön;JA;;;60;92;125;173;202;;;;;;;;;;;;;;;
Abborre;Slumpmässigt urval;1988;;K009;307;131;Hane;3;;;;Kustöversiktsnät augusti -Pilotfiske;;Holmön;JA;;;55;83;108;;;;;;;;;;;;;;;;;
Abborre;Slumpmässigt urval;1988;;K009;308;212;Hona;4;;;;Kustöversiktsnät augusti -Pilotfiske;;Holmön;JA;;;69;115;152;174;;;;;;;;;;;;;;;;
Abborre;Slumpmässigt urval;1988;;K009;309;142;Hane;2;;;;Kustöversiktsnät augusti -Pilotfiske;;Holmön;JA;;;58;89;;;;;;;;;;;;;;;;;;
Abborre;Slumpmässigt urval;1988;;K009;310;152;Hona;2;;;;Kustöversiktsnät augusti -Pilotfiske;;Holmön;JA;;;69;112;;;;;;;;;;;;;;;;;;
Abborre;Slumpmässigt urval;1988;;K009;311;135;Hane;2;;;;Kustöversiktsnät augusti -Pilotfiske;;Holmön;JA;;;50;81;;;;;;;;;;;;;;;;;;
Abborre;Slumpmässigt urval;1988;;K009;312;140;Hane;2;;;;Kustöversiktsnät augusti -Pilotfiske;;Holmön;JA;;;65;87;;;;;;;;;;;;;;;;;;
Abborre;Slumpmässigt urval;1988;;K009;313;154;Hona;3;;;;Kustöversiktsnät augusti -Pilotfiske;;Holmön;JA;;;53;95;127;;;;;;;;;;;;;;;;;
Abborre;Slumpmässigt urval;1988;;K009;314;136;Hane;2;;;;Kustöversiktsnät augusti -Pilotfiske;;Holmön;JA;;;56;80;;;;;;;;;;;;;;;;;;
Abborre;Slumpmässigt urval;1988;;K009;315;134;Hona;2;;;;Kustöversiktsnät augusti -Pilotfiske;;Holmön;JA;;;48;83;;;;;;;;;;;;;;;;;;